<?xml version="1.0" encoding="utf-8"?>

<!--type: 有awesome 和 flip两种，必属其一，否则显示出错提示
    update_interval: 刷新间隔单位是ms(1000ms=1秒)，默认是1秒
-->
<Clock version="1" type="awsome" update_interval="60000" edit_tag_x="180" edit_tag_y="0">
    <!--时钟背景-->
    <Image x="0" y="0" src="time_bg.png"/>

    <Image x="33" y="43" src="big.png" srcid="#hour24/10"/>
    <Image x="73" y="43" src="big.png" srcid="#hour24%10"/>
    <Image x="118" y="43" src="big.png" srcid="#minute/10"/>
    <Image x="158" y="43" src="big.png" srcid="#minute%10"/>
    <Image x="33" y="128" src="small.png" srcid="(#month+1)/10"/>
    <Image x="63" y="128" src="small.png" srcid="digit(#month%10+1,1)"/>
    <Image x="93" y="128" src="date_split.png"/>
    <Image x="123" y="128" src="small.png" srcid="#date/10" />
    <Image x="153" y="128" src="small.png" srcid="#date%10"/>
    <Image x="33" y="163" src="week.png" srcid="#day_of_week"/>

</Clock>
